n,dims,alg,run,iters,ms_per_iter
2048,16,seq,1,18,0.491568
2048,16,seq,2,18,0.487993
2048,16,seq,3,18,0.472928
2048,16,seq,4,18,0.487083
2048,16,seq,5,18,0.485934
2048,16,cuda,1,18,0.141756
2048,16,cuda,2,18,0.114202
2048,16,cuda,3,18,0.112824
2048,16,cuda,4,18,0.157437
2048,16,cuda,5,18,0.137049
2048,16,shared,1,18,0.145413
2048,16,shared,2,18,0.150489
2048,16,shared,3,18,0.177609
2048,16,shared,4,18,0.154404
2048,16,shared,5,18,0.144399
2048,16,thrust,1,18,0.376765
2048,16,thrust,2,18,0.403887
2048,16,thrust,3,18,0.328263
2048,16,thrust,4,18,0.386817
2048,16,thrust,5,18,0.378122
16384,24,seq,1,15,5.395870
16384,24,seq,2,15,5.370250
16384,24,seq,3,15,5.421959
16384,24,seq,4,15,5.453837
16384,24,seq,5,15,5.762736
16384,24,cuda,1,15,0.443330
16384,24,cuda,2,15,0.432672
16384,24,cuda,3,15,0.442220
16384,24,cuda,4,15,0.400614
16384,24,cuda,5,15,0.361397
16384,24,shared,1,15,0.417774
16384,24,shared,2,15,0.453651
16384,24,shared,3,15,0.432903
16384,24,shared,4,15,0.421716
16384,24,shared,5,15,0.417354
16384,24,thrust,1,15,0.743765
16384,24,thrust,2,15,0.721917
16384,24,thrust,3,15,0.739819
16384,24,thrust,4,15,0.783658
16384,24,thrust,5,15,0.916102
65536,32,seq,1,14,34.539640
65536,32,seq,2,14,34.605278
65536,32,seq,3,14,36.470631
65536,32,seq,4,14,38.210627
65536,32,seq,5,14,35.812443
65536,32,cuda,1,14,3.215675
65536,32,cuda,2,14,2.469073
65536,32,cuda,3,14,2.428092
65536,32,cuda,4,14,2.480113
65536,32,cuda,5,14,2.383243
65536,32,shared,1,14,2.909648
65536,32,shared,2,14,2.851011
65536,32,shared,3,14,2.938907
65536,32,shared,4,14,3.020991
65536,32,shared,5,14,3.384739
65536,32,thrust,1,14,4.082587
65536,32,thrust,2,14,4.435075
65536,32,thrust,3,14,3.905221
65536,32,thrust,4,14,3.983079
65536,32,thrust,5,14,4.396307
